Path;SteerAngle;Throttle;Brake;Speed;X_Position;Y_Position;Pitch;Yaw;Roll
C:\Users\ENIGMA\Desktop\IMG\robocam_2020_03_31_08_15_33_146.jpg;0;0;0;0;102.6336;189.2144;359.9815;278.5645;359.9909
C:\Users\ENIGMA\Desktop\IMG\robocam_2020_03_31_08_15_33_215.jpg;0;0;0;0;102.6336;189.2144;359.9772;278.5645;-0.001186012
C:\Users\ENIGMA\Desktop\IMG\robocam_2020_03_31_08_15_33_279.jpg;0;0;0;0;102.6336;189.2144;359.9748;278.5645;0.004201169
C:\Users\ENIGMA\Desktop\IMG\robocam_2020_03_31_08_15_33_345.jpg;0;0;0;0;102.6336;189.2144;359.973;278.5645;0.00903014
C:\Users\ENIGMA\Desktop\IMG\robocam_2020_03_31_08_15_33_413.jpg;0;0.2005539;0;0;102.6335;189.2146;359.967;278.488;0.01311779
C:\Users\ENIGMA\Desktop\IMG\robocam_2020_03_31_08_15_33_478.jpg;0;0.3989499;0;0.02899669;102.6341;189.211;0.04719529;278.3874;0.01772348
C:\Users\ENIGMA\Desktop\IMG\robocam_2020_03_31_08_15_33_544.jpg;0;0.599589;0;0.03528002;102.6347;189.2064;0.1422746;278.4814;0.02016519
C:\Users\ENIGMA\Desktop\IMG\robocam_2020_03_31_08_15_33_613.jpg;0;0.7980111;0;0.08316412;102.6363;189.1957;0.3517158;278.3209;0.02356516
C:\Users\ENIGMA\Desktop\IMG\robocam_2020_03_31_08_15_33_681.jpg;0;1;0;0.115521;102.6377;189.1847;0.5371013;278.2833;0.003867554
C:\Users\ENIGMA\Desktop\IMG\robocam_2020_03_31_08_15_33_747.jpg;0;1;0;0.1895843;102.64;189.1696;0.7706239;278.3015;359.9922
C:\Users\ENIGMA\Desktop\IMG\robocam_2020_03_31_08_15_33_811.jpg;0;1;0;0.2417954;102.6429;189.1507;1.033132;278.286;-1.824571E-05
C:\Users\ENIGMA\Desktop\IMG\robocam_2020_03_31_08_15_33_878.jpg;0;1;0;0.283772;102.647;189.1223;1.321746;278.2183;-0.001458073
C:\Users\ENIGMA\Desktop\IMG\robocam_2020_03_31_08_15_33_944.jpg;0;1;0;0.3084618;102.6496;189.1035;1.238945;278.1706;-0.001682915
C:\Users\ENIGMA\Desktop\IMG\robocam_2020_03_31_08_15_34_011.jpg;0;1;0;0.4162571;102.6529;189.0807;1.141019;278.0977;0.0005697334
C:\Users\ENIGMA\Desktop\IMG\robocam_2020_03_31_08_15_34_078.jpg;0;1;0;0.4631747;102.6579;189.0439;1.109426;278.008;0.0003150081
C:\Users\ENIGMA\Desktop\IMG\robocam_2020_03_31_08_15_34_145.jpg;0;1;0;0.5173588;102.6623;189.0119;1.148611;278.0516;-0.0005632035
C:\Users\ENIGMA\Desktop\IMG\robocam_2020_03_31_08_15_34_218.jpg;0;1;0;0.5801794;102.669;188.9638;1.241204;277.9785;-0.0009945995
C:\Users\ENIGMA\Desktop\IMG\robocam_2020_03_31_08_15_34_286.jpg;0;1;0;0.630084;102.6742;188.9258;1.232762;277.9954;-4.232495E-05
C:\Users\ENIGMA\Desktop\IMG\robocam_2020_03_31_08_15_34_344.jpg;0;1;0;0.6835712;102.6797;188.8858;1.185451;278.0024;-0.0006497808
C:\Users\ENIGMA\Desktop\IMG\robocam_2020_03_31_08_15_34_411.jpg;0;1;0;0.7379009;102.6857;188.8418;1.186463;278.0497;-0.0009871339
C:\Users\ENIGMA\Desktop\IMG\robocam_2020_03_31_08_15_34_477.jpg;0;1;0;0.7866908;102.6945;188.7775;1.227138;278.0811;-0.001485807
C:\Users\ENIGMA\Desktop\IMG\robocam_2020_03_31_08_15_34_545.jpg;0;1;0;0.8471482;102.7016;188.7262;1.238305;278.0963;-0.001588116
C:\Users\ENIGMA\Desktop\IMG\robocam_2020_03_31_08_15_34_611.jpg;0;1;0;0.9132895;102.7092;188.6715;1.243204;278.1008;-0.0009711427
C:\Users\ENIGMA\Desktop\IMG\robocam_2020_03_31_08_15_34_680.jpg;-1.479204;1;0;0.9689841;102.7195;188.5947;1.217737;278.0443;-0.0004870011
C:\Users\ENIGMA\Desktop\IMG\robocam_2020_03_31_08_15_34_746.jpg;-4.597416;1;0;0.9989789;102.7265;188.5339;1.209267;277.7682;0.001004288
C:\Users\ENIGMA\Desktop\IMG\robocam_2020_03_31_08_15_34_813.jpg;-7.600069;1;0;1.068077;102.7327;188.4697;1.217256;277.2888;0.001043026
C:\Users\ENIGMA\Desktop\IMG\robocam_2020_03_31_08_15_34_877.jpg;-10.60425;1;0;1.11853;102.7383;188.3801;1.208261;276.351;359.9915
C:\Users\ENIGMA\Desktop\IMG\robocam_2020_03_31_08_15_34_944.jpg;-13.49606;1;0;1.160291;102.7402;188.3096;1.20746;275.3533;359.9681
C:\Users\ENIGMA\Desktop\IMG\robocam_2020_03_31_08_15_35_011.jpg;-13.44864;1;0;1.217947;102.7401;188.2363;1.201883;274.168;359.9469
C:\Users\ENIGMA\Desktop\IMG\robocam_2020_03_31_08_15_35_077.jpg;-10.52135;1;0;1.27225;102.7396;188.1342;1.196689;272.8298;359.9655
C:\Users\ENIGMA\Desktop\IMG\robocam_2020_03_31_08_15_35_144.jpg;-7.485855;1;0;1.315541;102.7393;188.0538;1.218155;272.0549;0.003402456
C:\Users\ENIGMA\Desktop\IMG\robocam_2020_03_31_08_15_35_210.jpg;-4.520494;1;0;1.378781;102.7383;187.9705;1.248131;271.4492;0.003249328
C:\Users\ENIGMA\Desktop\IMG\robocam_2020_03_31_08_15_35_280.jpg;-1.542106;1;0;1.426449;102.7382;187.8554;1.261233;271.0356;0.0007208905
C:\Users\ENIGMA\Desktop\IMG\robocam_2020_03_31_08_15_35_347.jpg;0;1;0;1.47421;102.7391;187.7662;1.250884;270.9716;-0.0006548553
C:\Users\ENIGMA\Desktop\IMG\robocam_2020_03_31_08_15_35_411.jpg;-1.400481;1;0;1.538774;102.7402;187.6738;1.253352;270.9291;-0.0007933697
C:\Users\ENIGMA\Desktop\IMG\robocam_2020_03_31_08_15_35_478.jpg;-4.346973;1;0;1.583726;102.7395;187.5466;1.24997;270.5145;0.0008101101
C:\Users\ENIGMA\Desktop\IMG\robocam_2020_03_31_08_15_35_544.jpg;-7.358918;1;0;1.629867;102.7367;187.4479;1.25397;269.8815;0.0020207
C:\Users\ENIGMA\Desktop\IMG\robocam_2020_03_31_08_15_35_609.jpg;-10.33717;1;0;1.686882;102.7312;187.3468;1.25228;268.9609;359.9847
C:\Users\ENIGMA\Desktop\IMG\robocam_2020_03_31_08_15_35_680.jpg;-10.29407;1;0;1.729664;102.7194;187.2086;1.226006;267.3837;359.9433
C:\Users\ENIGMA\Desktop\IMG\robocam_2020_03_31_08_15_35_747.jpg;-7.180889;1;0;1.79183;102.7093;187.1018;1.207412;266.3865;359.9368
C:\Users\ENIGMA\Desktop\IMG\robocam_2020_03_31_08_15_35_813.jpg;-4.201412;1;0;1.838036;102.6956;186.9548;1.208505;265.5145;359.9693
C:\Users\ENIGMA\Desktop\IMG\robocam_2020_03_31_08_15_35_887.jpg;-1.187964;1;0;1.883784;102.6854;186.8405;1.253803;265.2117;2.752078E-05
C:\Users\ENIGMA\Desktop\IMG\robocam_2020_03_31_08_15_35_961.jpg;0;1;0;1.941491;102.6714;186.6839;1.320253;265.1227;-0.0009932892
C:\Users\ENIGMA\Desktop\IMG\robocam_2020_03_31_08_15_36_027.jpg;3.100806;1;0;2.002472;102.6616;186.564;1.327146;265.2656;-0.002338149
C:\Users\ENIGMA\Desktop\IMG\robocam_2020_03_31_08_15_36_094.jpg;6.082591;1;0;2.047189;102.6518;186.4006;1.282562;265.9733;0.002993623
C:\Users\ENIGMA\Desktop\IMG\robocam_2020_03_31_08_15_36_160.jpg;9.07937;1;0;2.090808;102.6482;186.275;1.243973;266.9037;0.04438288
C:\Users\ENIGMA\Desktop\IMG\robocam_2020_03_31_08_15_36_229.jpg;6.096249;1;0;2.13303;102.6458;186.1466;1.213003;267.8076;0.07721918
C:\Users\ENIGMA\Desktop\IMG\robocam_2020_03_31_08_15_36_295.jpg;3.000042;1;0;2.192583;102.6425;185.971;1.189747;268.5822;0.07353196
C:\Users\ENIGMA\Desktop\IMG\robocam_2020_03_31_08_15_36_363.jpg;0.01182172;1;0;2.237206;102.6392;185.8356;1.210005;268.7769;0.0430959
C:\Users\ENIGMA\Desktop\IMG\robocam_2020_03_31_08_15_36_427.jpg;0;1;0;2.294166;102.6356;185.6969;1.267768;268.7917;0.002769527
C:\Users\ENIGMA\Desktop\IMG\robocam_2020_03_31_08_15_36_494.jpg;0;1;0;2.335874;102.6313;185.5081;1.342459;268.7907;-0.00159255
C:\Users\ENIGMA\Desktop\IMG\robocam_2020_03_31_08_15_36_560.jpg;0;1;0;2.380348;102.6279;185.3642;1.352356;268.7784;-0.001398117
C:\Users\ENIGMA\Desktop\IMG\robocam_2020_03_31_08_15_36_626.jpg;1.504503;1;0;2.425001;102.6246;185.2181;1.328103;268.8363;-0.001866165
C:\Users\ENIGMA\Desktop\IMG\robocam_2020_03_31_08_15_36_692.jpg;4.50099;1;0;2.483038;102.6229;185.0693;1.31432;269.1628;-0.0007006489
C:\Users\ENIGMA\Desktop\IMG\robocam_2020_03_31_08_15_36_762.jpg;7.564563;1;0;2.524244;102.6258;184.8672;1.289668;270.1946;0.04826985
C:\Users\ENIGMA\Desktop\IMG\robocam_2020_03_31_08_15_36_829.jpg;10.60874;1;0;2.577629;102.6324;184.7136;1.236106;271.3806;0.1082623
C:\Users\ENIGMA\Desktop\IMG\robocam_2020_03_31_08_15_36_897.jpg;13.59831;1;0;2.616302;102.6499;184.5071;1.0853;273.5823;0.2460892
C:\Users\ENIGMA\Desktop\IMG\robocam_2020_03_31_08_15_36_960.jpg;13.67547;1;0;2.653519;102.6698;184.3513;0.9156734;275.5191;0.3928628
C:\Users\ENIGMA\Desktop\IMG\robocam_2020_03_31_08_15_37_027.jpg;10.66529;1;0;2.708003;102.6936;184.1941;0.7246263;277.2823;0.5407473
C:\Users\ENIGMA\Desktop\IMG\robocam_2020_03_31_08_15_37_093.jpg;7.660302;1;0;2.750869;102.7205;184.0348;0.5370553;278.6874;0.6753866
C:\Users\ENIGMA\Desktop\IMG\robocam_2020_03_31_08_15_37_134.jpg;6.180396;1;0;2.764858;102.7497;183.8728;0.3810209;279.7144;0.7935178
C:\Users\ENIGMA\Desktop\IMG\robocam_2020_03_31_08_15_37_193.jpg;3.177992;1;0;2.820004;102.7701;183.7632;0.2959301;280.2108;0.8512144
C:\Users\ENIGMA\Desktop\IMG\robocam_2020_03_31_08_15_37_262.jpg;0.212424;1;0;2.861123;102.8113;183.5395;0.188691;280.6414;0.891138
C:\Users\ENIGMA\Desktop\IMG\robocam_2020_03_31_08_15_37_328.jpg;0;1;0;2.915141;102.8431;183.3676;0.1859923;280.699;0.8851989
C:\Users\ENIGMA\Desktop\IMG\robocam_2020_03_31_08_15_37_396.jpg;0;1;0;2.954971;102.8864;183.1332;0.2668726;280.6968;0.8286352
C:\Users\ENIGMA\Desktop\IMG\robocam_2020_03_31_08_15_37_459.jpg;0;1;0;2.994494;102.9195;182.954;0.3691408;280.6828;0.7435129
C:\Users\ENIGMA\Desktop\IMG\robocam_2020_03_31_08_15_37_527.jpg;0;1;0;3.035079;102.9533;182.7718;0.5075864;280.6686;0.6353897
C:\Users\ENIGMA\Desktop\IMG\robocam_2020_03_31_08_15_37_592.jpg;0;1;0;3.088273;102.9875;182.5867;0.6740615;280.6517;0.5072633
C:\Users\ENIGMA\Desktop\IMG\robocam_2020_03_31_08_15_37_659.jpg;0;1;0;3.128047;103.0338;182.3358;0.925766;280.6212;0.3107106
C:\Users\ENIGMA\Desktop\IMG\robocam_2020_03_31_08_15_37_728.jpg;0;1;0;3.167797;103.0689;182.1445;1.133011;280.5938;0.1550976
C:\Users\ENIGMA\Desktop\IMG\robocam_2020_03_31_08_15_37_795.jpg;0;1;0;3.220577;103.1171;181.886;1.403948;280.5765;359.994
C:\Users\ENIGMA\Desktop\IMG\robocam_2020_03_31_08_15_37_861.jpg;0;1;0;3.259711;103.1545;181.6926;1.42829;280.5703;-0.003190663
C:\Users\ENIGMA\Desktop\IMG\robocam_2020_03_31_08_15_37_927.jpg;0;1;0;3.32082;103.1911;181.4974;1.380502;280.5352;-0.001599849
C:\Users\ENIGMA\Desktop\IMG\robocam_2020_03_31_08_15_37_993.jpg;0;1;0;3.360879;103.2275;181.2993;1.360947;280.5178;-0.001463794
C:\Users\ENIGMA\Desktop\IMG\robocam_2020_03_31_08_15_38_059.jpg;0;1;0;3.40004;103.2765;181.0308;1.375691;280.4945;-0.001145
C:\Users\ENIGMA\Desktop\IMG\robocam_2020_03_31_08_15_38_125.jpg;0;1;0;3.439137;103.3135;180.8263;1.406913;280.473;-0.001521563
C:\Users\ENIGMA\Desktop\IMG\robocam_2020_03_31_08_15_38_193.jpg;0;1;0;3.490978;103.3508;180.6199;1.418346;280.4546;-0.001659551
C:\Users\ENIGMA\Desktop\IMG\robocam_2020_03_31_08_15_38_261.jpg;0;1;0;3.531574;103.401;180.3413;1.409867;280.4341;-0.001682617
C:\Users\ENIGMA\Desktop\IMG\robocam_2020_03_31_08_15_38_327.jpg;0;1;0;3.584489;103.4391;180.1295;1.411242;280.4177;-0.001511037
C:\Users\ENIGMA\Desktop\IMG\robocam_2020_03_31_08_15_38_395.jpg;0;1;0;3.622906;103.4904;179.8434;1.418388;280.3936;-0.001164864
C:\Users\ENIGMA\Desktop\IMG\robocam_2020_03_31_08_15_38_459.jpg;0;1;0;3.661919;103.5293;179.6261;1.421587;280.3754;-0.001209983
C:\Users\ENIGMA\Desktop\IMG\robocam_2020_03_31_08_15_38_526.jpg;0;1;0;3.700809;103.5685;179.4066;1.42365;280.3574;-0.001235685
C:\Users\ENIGMA\Desktop\IMG\robocam_2020_03_31_08_15_38_591.jpg;0;1;0;3.752958;103.608;179.1847;1.427753;280.3376;-0.001587138
C:\Users\ENIGMA\Desktop\IMG\robocam_2020_03_31_08_15_38_659.jpg;0;1;0;3.791553;103.6612;178.8853;1.432669;280.3132;-0.00122715
C:\Users\ENIGMA\Desktop\IMG\robocam_2020_03_31_08_15_38_724.jpg;0;1;0;3.829317;103.7016;178.6581;1.4346;280.2939;-0.001250583
C:\Users\ENIGMA\Desktop\IMG\robocam_2020_03_31_08_15_38_795.jpg;0;1;0;3.880908;103.7558;178.3517;1.440073;280.2673;-0.001257099
C:\Users\ENIGMA\Desktop\IMG\robocam_2020_03_31_08_15_38_861.jpg;0;1;0;3.91839;103.7969;178.1192;1.441227;280.2473;-0.001307421
C:\Users\ENIGMA\Desktop\IMG\robocam_2020_03_31_08_15_38_926.jpg;0;1;0;3.9689;103.8382;177.8845;1.445227;280.2252;-0.001756184
C:\Users\ENIGMA\Desktop\IMG\robocam_2020_03_31_08_15_38_991.jpg;2.904007;1;0;4.006702;103.8807;177.6476;1.448578;280.3412;-0.00229449
C:\Users\ENIGMA\Desktop\IMG\robocam_2020_03_31_08_15_39_059.jpg;5.900224;1;0;4.044015;103.9416;177.3296;1.429273;281.031;0.005860244
C:\Users\ENIGMA\Desktop\IMG\robocam_2020_03_31_08_15_39_125.jpg;5.913652;1;0;4.080328;103.992;177.0898;1.388741;281.889;0.05317977
C:\Users\ENIGMA\Desktop\IMG\robocam_2020_03_31_08_15_39_192.jpg;2.956397;1;0;4.130361;104.0445;176.8488;1.321358;282.639;0.09635819
C:\Users\ENIGMA\Desktop\IMG\robocam_2020_03_31_08_15_39_258.jpg;0;1;0;4.16787;104.1168;176.5242;1.233979;283.1068;0.1420252
C:\Users\ENIGMA\Desktop\IMG\robocam_2020_03_31_08_15_39_325.jpg;0;1;0;4.204888;104.1723;176.2779;1.198042;283.1793;0.175079
C:\Users\ENIGMA\Desktop\IMG\robocam_2020_03_31_08_15_39_394.jpg;0;1;0;4.25344;104.2475;175.9458;1.176924;283.1707;0.1919673
C:\Users\ENIGMA\Desktop\IMG\robocam_2020_03_31_08_15_39_462.jpg;0;1;0;4.28908;104.3047;175.694;1.180548;283.1399;0.1814453
C:\Users\ENIGMA\Desktop\IMG\robocam_2020_03_31_08_15_39_524.jpg;0;1;0;4.325627;104.3625;175.4396;1.207598;283.1041;0.159843
C:\Users\ENIGMA\Desktop\IMG\robocam_2020_03_31_08_15_39_605.jpg;0;1;0;4.373294;104.4402;175.0967;1.273694;283.0514;0.1114614
C:\Users\ENIGMA\Desktop\IMG\robocam_2020_03_31_08_15_39_690.jpg;0;1;0;4.420821;104.5186;174.7495;1.368622;282.9951;0.03667187
C:\Users\ENIGMA\Desktop\IMG\robocam_2020_03_31_08_15_39_757.jpg;0;1;0;4.46813;104.5985;174.3985;1.477488;282.9617;-0.003272429
C:\Users\ENIGMA\Desktop\IMG\robocam_2020_03_31_08_15_39_824.jpg;0;1;0;4.502955;104.6591;174.1335;1.513755;282.9476;-0.00292206
C:\Users\ENIGMA\Desktop\IMG\robocam_2020_03_31_08_15_39_891.jpg;0;1;0;4.554282;104.7196;173.8672;1.490946;282.923;-0.002062068
C:\Users\ENIGMA\Desktop\IMG\robocam_2020_03_31_08_15_39_959.jpg;0;1;0;4.590474;104.8004;173.509;1.453152;282.8848;-0.001382731
C:\Users\ENIGMA\Desktop\IMG\robocam_2020_03_31_08_15_40_024.jpg;1.479879;1;0;4.625638;104.8616;173.2375;1.443099;282.9092;-0.001799632
C:\Users\ENIGMA\Desktop\IMG\robocam_2020_03_31_08_15_40_074.jpg;2.984962;1;0;4.648949;104.9245;172.9641;1.444765;283.1337;-0.002593748
C:\Users\ENIGMA\Desktop\IMG\robocam_2020_03_31_08_15_40_141.jpg;6.663195;1;0;4.695378;104.9908;172.6895;1.445324;283.6859;0.02994052
C:\Users\ENIGMA\Desktop\IMG\robocam_2020_03_31_08_15_40_207.jpg;6.756862;1;0;4.73975;105.0611;172.4146;1.396428;284.5976;0.08433653
C:\Users\ENIGMA\Desktop\IMG\robocam_2020_03_31_08_15_40_276.jpg;3.704453;1;0;4.77595;105.1597;172.0471;1.275803;285.6661;0.1749828
C:\Users\ENIGMA\Desktop\IMG\robocam_2020_03_31_08_15_40_343.jpg;0.6650365;1;0;4.811099;105.2361;171.7699;1.169431;286.1124;0.2378467
C:\Users\ENIGMA\Desktop\IMG\robocam_2020_03_31_08_15_40_411.jpg;0;1;0;4.857961;105.3143;171.4907;1.076242;286.2732;0.2971181
C:\Users\ENIGMA\Desktop\IMG\robocam_2020_03_31_08_15_40_474.jpg;0;1;0;4.892166;105.4208;171.1152;0.9847717;286.3095;0.3594241
C:\Users\ENIGMA\Desktop\IMG\robocam_2020_03_31_08_15_40_541.jpg;3.006751;1;0;4.926154;105.503;170.8314;0.9382647;286.4466;0.4020844
C:\Users\ENIGMA\Desktop\IMG\robocam_2020_03_31_08_15_40_589.jpg;4.515637;1;0;4.947973;105.5593;170.6415;0.9063662;286.6874;0.4308392
C:\Users\ENIGMA\Desktop\IMG\robocam_2020_03_31_08_15_40_657.jpg;8.16182;1;0;4.992246;105.6779;170.261;0.8392692;287.6563;0.5371038
C:\Users\ENIGMA\Desktop\IMG\robocam_2020_03_31_08_15_40_725.jpg;5.093815;1;0;5.006614;105.7704;169.9768;0.75261;288.4926;0.6138439
C:\Users\ENIGMA\Desktop\IMG\robocam_2020_03_31_08_15_40_793.jpg;1.96911;1;0;5.03374;105.8649;169.6933;0.6406581;289.1775;0.648379
C:\Users\ENIGMA\Desktop\IMG\robocam_2020_03_31_08_15_40_859.jpg;0;1;0;5.012092;105.9939;169.3162;0.5083886;289.5417;0.6892002
C:\Users\ENIGMA\Desktop\IMG\robocam_2020_03_31_08_15_40_923.jpg;0;1;0;5.011564;106.0925;169.033;0.4618926;289.6108;0.7195246
C:\Users\ENIGMA\Desktop\IMG\robocam_2020_03_31_08_15_40_991.jpg;0;1;0;5.011601;106.1922;168.7491;0.4683015;289.6275;0.740528
C:\Users\ENIGMA\Desktop\IMG\robocam_2020_03_31_08_15_41_058.jpg;0;1;0;5.016689;106.3255;168.3699;0.5245085;289.6248;0.715182
C:\Users\ENIGMA\Desktop\IMG\robocam_2020_03_31_08_15_41_123.jpg;0;1;0;5.007241;106.4258;168.0853;0.5904277;289.6019;0.660095
C:\Users\ENIGMA\Desktop\IMG\robocam_2020_03_31_08_15_41_191.jpg;0;1;0;4.993958;106.5261;167.8002;0.6822081;289.563;0.582306
C:\Users\ENIGMA\Desktop\IMG\robocam_2020_03_31_08_15_41_260.jpg;0;1;0;4.999812;106.6601;167.4192;0.8442433;289.5223;0.4475224
C:\Users\ENIGMA\Desktop\IMG\robocam_2020_03_31_08_15_41_326.jpg;0;1;0;5.022986;106.7605;167.1333;0.9878867;289.4805;0.3342436
C:\Users\ENIGMA\Desktop\IMG\robocam_2020_03_31_08_15_41_392.jpg;0;1;0;5.015586;106.8608;166.8468;1.144007;289.4398;0.2067256
C:\Users\ENIGMA\Desktop\IMG\robocam_2020_03_31_08_15_41_457.jpg;0;1;0;4.998063;106.9941;166.4643;1.366808;289.3771;0.02684268
C:\Users\ENIGMA\Desktop\IMG\robocam_2020_03_31_08_15_41_524.jpg;0;1;0;5.006093;107.0953;166.1783;1.520536;289.3782;359.9937
C:\Users\ENIGMA\Desktop\IMG\robocam_2020_03_31_08_15_41_591.jpg;0;1;0;5.021595;107.1957;165.895;1.487247;289.2625;0.001999251
C:\Users\ENIGMA\Desktop\IMG\robocam_2020_03_31_08_15_41_656.jpg;0;1;0;5.01074;107.3276;165.5176;1.420895;289.5822;-0.004034467
C:\Users\ENIGMA\Desktop\IMG\robocam_2020_03_31_08_15_41_723.jpg;0;1;0;5.018224;107.427;165.2334;1.421686;289.5443;-0.0003438031
C:\Users\ENIGMA\Desktop\IMG\robocam_2020_03_31_08_15_41_793.jpg;0;1;0;5.014462;107.5264;164.9497;1.42452;289.6005;-0.001240836
C:\Users\ENIGMA\Desktop\IMG\robocam_2020_03_31_08_15_41_859.jpg;0;1;0;5.015667;107.6594;164.5704;1.457819;289.5508;-0.001178402
C:\Users\ENIGMA\Desktop\IMG\robocam_2020_03_31_08_15_41_931.jpg;0;1;0;5.000805;107.7588;164.2864;1.482984;289.5531;-0.002478801
C:\Users\ENIGMA\Desktop\IMG\robocam_2020_03_31_08_15_42_005.jpg;0;1;0;5.013911;107.8913;163.9077;1.485626;289.5049;-0.004077259
C:\Users\ENIGMA\Desktop\IMG\robocam_2020_03_31_08_15_42_074.jpg;0;1;0;4.973858;108.0229;163.5308;1.387785;289.4567;-0.001463851
C:\Users\ENIGMA\Desktop\IMG\robocam_2020_03_31_08_15_42_140.jpg;2.96856;1;0;5.010414;108.1225;163.2477;1.347934;289.5768;-0.001812022
C:\Users\ENIGMA\Desktop\IMG\robocam_2020_03_31_08_15_42_206.jpg;5.95525;1;0;5.016643;108.2249;162.965;1.331059;290.0461;0.02913176
C:\Users\ENIGMA\Desktop\IMG\robocam_2020_03_31_08_15_42_275.jpg;5.924979;1;0;5.015051;108.3669;162.5906;1.305867;291.0564;0.1661863
C:\Users\ENIGMA\Desktop\IMG\robocam_2020_03_31_08_15_42_342.jpg;2.876503;1;0;5.013462;108.4741;162.3107;1.233206;291.7286;0.2053065
C:\Users\ENIGMA\Desktop\IMG\robocam_2020_03_31_08_15_42_406.jpg;0;1;0;5.016052;108.5831;162.0324;1.13448;292.0827;0.2511573
C:\Users\ENIGMA\Desktop\IMG\robocam_2020_03_31_08_15_42_473.jpg;0;1;0;5.018561;108.7309;161.6608;1.061099;292.1843;0.3313965
C:\Users\ENIGMA\Desktop\IMG\robocam_2020_03_31_08_15_42_553.jpg;0;1;0;4.989515;108.8422;161.3825;1.019892;292.1891;0.3659003
C:\Users\ENIGMA\Desktop\IMG\robocam_2020_03_31_08_15_42_623.jpg;0;1;0;5.024734;108.9911;161.0107;1.003381;292.1199;0.3773201
C:\Users\ENIGMA\Desktop\IMG\robocam_2020_03_31_08_15_42_689.jpg;3.074458;1;0;5.002506;109.1041;160.7314;1.024746;292.2489;0.3754183
C:\Users\ENIGMA\Desktop\IMG\robocam_2020_03_31_08_15_42_760.jpg;6.080782;1;0;5.01221;109.2576;160.3614;1.020278;292.8433;0.3744707
C:\Users\ENIGMA\Desktop\IMG\robocam_2020_03_31_08_15_42_826.jpg;9.239382;1;0;5.016954;109.3779;160.0861;0.9958365;293.753;0.4256766
C:\Users\ENIGMA\Desktop\IMG\robocam_2020_03_31_08_15_42_889.jpg;12.10591;1;0;5.013581;109.5026;159.8149;0.8954322;295.1027;0.5063668
C:\Users\ENIGMA\Desktop\IMG\robocam_2020_03_31_08_15_42_957.jpg;15;1;0;5.017052;109.6794;159.4608;0.6362;297.5614;0.7075704
C:\Users\ENIGMA\Desktop\IMG\robocam_2020_03_31_08_15_43_022.jpg;12.00832;1;0;5.008447;109.8198;159.2013;0.3463207;299.4679;0.9149638
C:\Users\ENIGMA\Desktop\IMG\robocam_2020_03_31_08_15_43_089.jpg;9.012935;1;0;5.010883;109.9667;158.9464;0.01311215;301.1187;1.169965
C:\Users\ENIGMA\Desktop\IMG\robocam_2020_03_31_08_15_43_155.jpg;6.01207;1;0;5.003503;110.1704;158.6051;359.8716;302.5597;1.297927
C:\Users\ENIGMA\Desktop\IMG\robocam_2020_03_31_08_15_43_223.jpg;3.012194;1;0;5.009468;110.3289;158.3468;0.01243388;303.1633;1.192155
C:\Users\ENIGMA\Desktop\IMG\robocam_2020_03_31_08_15_43_291.jpg;0;1;0;5.018461;110.4902;158.092;0.06536623;303.5856;1.034946
C:\Users\ENIGMA\Desktop\IMG\robocam_2020_03_31_08_15_43_356.jpg;0;1;0;5.01218;110.7107;157.7551;0.1674132;303.7903;0.8943606
C:\Users\ENIGMA\Desktop\IMG\robocam_2020_03_31_08_15_43_423.jpg;-2.918399;1;0;5.017498;110.8777;157.5018;0.3132302;303.6774;0.7942114
C:\Users\ENIGMA\Desktop\IMG\robocam_2020_03_31_08_15_43_489.jpg;-5.937628;1;0;5.015374;111.0428;157.2472;0.4764475;303.2393;0.6256108
C:\Users\ENIGMA\Desktop\IMG\robocam_2020_03_31_08_15_43_556.jpg;-8.905216;1;0;5.006871;111.2577;156.9028;0.7556971;302.0241;0.2649871
C:\Users\ENIGMA\Desktop\IMG\robocam_2020_03_31_08_15_43_622.jpg;-5.982786;1;0;5.010938;111.415;156.642;0.9727771;301.0063;359.933
C:\Users\ENIGMA\Desktop\IMG\robocam_2020_03_31_08_15_43_691.jpg;-2.835913;1;0;5.011702;111.5705;156.3814;1.13703;300.2415;359.6584
C:\Users\ENIGMA\Desktop\IMG\robocam_2020_03_31_08_15_43_757.jpg;0;1;0;5.009983;111.7769;156.0382;1.119221;299.6909;359.5486
C:\Users\ENIGMA\Desktop\IMG\robocam_2020_03_31_08_15_43_826.jpg;0;1;0;5.009957;111.9301;155.7817;0.9514591;299.3087;359.621
C:\Users\ENIGMA\Desktop\IMG\robocam_2020_03_31_08_15_43_889.jpg;-1.362164;1;0;4.993023;112.0777;155.5255;0.776402;299.4165;359.6125
C:\Users\ENIGMA\Desktop\IMG\robocam_2020_03_31_08_15_43_956.jpg;-4.377442;1;0;5.007803;112.2726;155.1773;0.6707002;298.9942;359.528
C:\Users\ENIGMA\Desktop\IMG\robocam_2020_03_31_08_15_44_022.jpg;-7.34445;1;0;5.02267;112.4154;154.9137;0.6275476;298.3389;359.4164
C:\Users\ENIGMA\Desktop\IMG\robocam_2020_03_31_08_15_44_088.jpg;-10.25997;1;0;5.006765;112.5539;154.6478;0.5896833;297.3169;359.2672
C:\Users\ENIGMA\Desktop\IMG\robocam_2020_03_31_08_15_44_156.jpg;-13.24326;1;0;5.008448;112.7294;154.2923;0.3677269;295.3124;359.1106
C:\Users\ENIGMA\Desktop\IMG\robocam_2020_03_31_08_15_44_225.jpg;-15;1;0;5.010324;112.8505;154.0224;0.1266187;293.4031;358.9016
C:\Users\ENIGMA\Desktop\IMG\robocam_2020_03_31_08_15_44_291.jpg;-15;1;0;5.009221;112.9644;153.7498;359.8802;291.4832;358.7159
C:\Users\ENIGMA\Desktop\IMG\robocam_2020_03_31_08_15_44_355.jpg;-15;1;0;5.006668;113.1105;153.3775;359.9164;289.2103;358.7045
C:\Users\ENIGMA\Desktop\IMG\robocam_2020_03_31_08_15_44_422.jpg;-15;1;0;5.001488;113.2101;153.0922;0.04110422;287.2986;358.7561
C:\Users\ENIGMA\Desktop\IMG\robocam_2020_03_31_08_15_44_489.jpg;-15;1;0;5.007217;113.2999;152.8066;0.0122496;285.3437;358.8684
C:\Users\ENIGMA\Desktop\IMG\robocam_2020_03_31_08_15_44_554.jpg;-15;1;0;5.008887;113.3992;152.4195;0.009094757;282.6479;358.8137
C:\Users\ENIGMA\Desktop\IMG\robocam_2020_03_31_08_15_44_622.jpg;-13.43801;1;0;5.007702;113.4638;152.1266;0.02079232;280.7439;358.8075
C:\Users\ENIGMA\Desktop\IMG\robocam_2020_03_31_08_15_44_690.jpg;-10.45527;1;0;5.005025;113.5197;151.8321;0.01208663;279.0554;358.831
C:\Users\ENIGMA\Desktop\IMG\robocam_2020_03_31_08_15_44_757.jpg;-7.330642;1;0;5.012532;113.5823;151.4367;0.01177411;277.1908;358.8924
C:\Users\ENIGMA\Desktop\IMG\robocam_2020_03_31_08_15_44_825.jpg;-4.346305;1;0;5.01146;113.6206;151.139;-0.002577769;276.2017;358.8975
C:\Users\ENIGMA\Desktop\IMG\robocam_2020_03_31_08_15_44_889.jpg;-1.339342;1;0;5.010468;113.6547;150.8402;0.01153641;275.5785;358.9163
C:\Users\ENIGMA\Desktop\IMG\robocam_2020_03_31_08_15_44_955.jpg;0;1;0;5.011624;113.6966;150.4411;0.04074007;275.2584;358.9844
C:\Users\ENIGMA\Desktop\IMG\robocam_2020_03_31_08_15_45_022.jpg;0;1;0;5.011628;113.7258;150.1408;0.09603985;275.1831;359.0419
C:\Users\ENIGMA\Desktop\IMG\robocam_2020_03_31_08_15_45_088.jpg;0;1;0;5.011529;113.7542;149.8398;0.1926744;275.1622;359.1085
C:\Users\ENIGMA\Desktop\IMG\robocam_2020_03_31_08_15_45_154.jpg;0;1;0;5.004608;113.7916;149.4371;0.3919094;275.1538;359.2222
C:\Users\ENIGMA\Desktop\IMG\robocam_2020_03_31_08_15_45_224.jpg;0;1;0;5.017173;113.8196;149.1346;0.5620885;275.1542;359.3402
C:\Users\ENIGMA\Desktop\IMG\robocam_2020_03_31_08_15_45_290.jpg;0;1;0;5.016347;113.8478;148.8324;0.7303624;275.1691;359.4861
C:\Users\ENIGMA\Desktop\IMG\robocam_2020_03_31_08_15_45_357.jpg;0;1;0;5.008803;113.8853;148.4286;0.9878313;275.1996;359.6848
C:\Users\ENIGMA\Desktop\IMG\robocam_2020_03_31_08_15_45_421.jpg;0;1;0;5.014077;113.9137;148.1254;1.200342;275.2275;359.8375
C:\Users\ENIGMA\Desktop\IMG\robocam_2020_03_31_08_15_45_488.jpg;0;1;0;5.025045;113.9424;147.8227;1.403364;275.2852;359.993
C:\Users\ENIGMA\Desktop\IMG\robocam_2020_03_31_08_15_45_554.jpg;0;1;0;5.014594;113.9772;147.4212;1.503916;275.2505;-0.004737114
C:\Users\ENIGMA\Desktop\IMG\robocam_2020_03_31_08_15_45_621.jpg;0;1;0;5.042292;114.003;147.1235;1.423802;275.2214;-0.001104944
C:\Users\ENIGMA\Desktop\IMG\robocam_2020_03_31_08_15_45_686.jpg;0;1;0;5.012922;114.0289;146.8244;1.381235;275.1893;-0.001376229
C:\Users\ENIGMA\Desktop\IMG\robocam_2020_03_31_08_15_45_757.jpg;0;1;0;5.016387;114.0634;146.425;1.360636;275.1582;-0.001984042
C:\Users\ENIGMA\Desktop\IMG\robocam_2020_03_31_08_15_45_825.jpg;0;1;0;4.992773;114.0891;146.1255;1.357443;275.0782;-0.001509542
C:\Users\ENIGMA\Desktop\IMG\robocam_2020_03_31_08_15_45_892.jpg;0;1;0;5.01635;114.1145;145.8255;1.374569;275.039;-0.001171327
C:\Users\ENIGMA\Desktop\IMG\robocam_2020_03_31_08_15_45_936.jpg;0;1;0;5.005374;114.1399;145.5252;1.403466;274.9963;-0.001407068
C:\Users\ENIGMA\Desktop\IMG\robocam_2020_03_31_08_15_46_005.jpg;1.598373;1;0;5.014259;114.1653;145.2246;1.444551;275.0244;-0.002023299
C:\Users\ENIGMA\Desktop\IMG\robocam_2020_03_31_08_15_46_071.jpg;4.60998;1;0;5.021269;114.1921;144.9244;1.485364;275.2785;-0.003035178
C:\Users\ENIGMA\Desktop\IMG\robocam_2020_03_31_08_15_46_137.jpg;7.494205;1;0;5.0143;114.2322;144.5252;1.462917;276.1441;0.01739695
C:\Users\ENIGMA\Desktop\IMG\robocam_2020_03_31_08_15_46_203.jpg;10.48045;1;0;4.977979;114.269;144.229;1.371244;277.2585;0.1365201
C:\Users\ENIGMA\Desktop\IMG\robocam_2020_03_31_08_15_46_275.jpg;13.69956;1;0;5.013093;114.3269;143.8367;1.097218;279.4265;0.3141358
C:\Users\ENIGMA\Desktop\IMG\robocam_2020_03_31_08_15_46_342.jpg;15;1;0;4.952685;114.3815;143.5482;0.8033066;281.2766;0.6011915
C:\Users\ENIGMA\Desktop\IMG\robocam_2020_03_31_08_15_46_409.jpg;11.95835;1;0;5.00757;114.4424;143.2612;0.410751;283.2557;0.8576343
C:\Users\ENIGMA\Desktop\IMG\robocam_2020_03_31_08_15_46_471.jpg;9.076546;1;0;5.010184;114.5119;142.9766;0.002712906;284.9417;1.186119
C:\Users\ENIGMA\Desktop\IMG\robocam_2020_03_31_08_15_46_539.jpg;5.894879;1;0;5.003096;114.6107;142.5929;359.7981;286.3773;1.355497
C:\Users\ENIGMA\Desktop\IMG\robocam_2020_03_31_08_15_46_604.jpg;3.09025;1;0;5.003844;114.688;142.3002;359.9376;286.9346;1.163322
C:\Users\ENIGMA\Desktop\IMG\robocam_2020_03_31_08_15_46_670.jpg;0.1274273;1;0;5.030831;114.7717;142.0073;0.1479744;287.311;0.9623454
C:\Users\ENIGMA\Desktop\IMG\robocam_2020_03_31_08_15_46_735.jpg;0;1;0;5.011823;114.8897;141.619;0.4235091;287.5465;0.7656928
C:\Users\ENIGMA\Desktop\IMG\robocam_2020_03_31_08_15_46_807.jpg;0;1;0;5.004917;114.9799;141.3287;0.6216577;287.5997;0.6205137
C:\Users\ENIGMA\Desktop\IMG\robocam_2020_03_31_08_15_46_874.jpg;0;1;0;5.006657;115.1011;140.9417;0.8822613;287.6145;0.4096177
C:\Users\ENIGMA\Desktop\IMG\robocam_2020_03_31_08_15_46_940.jpg;0;1;0;5.015807;115.1925;140.6512;1.091774;287.6098;0.2510448
C:\Users\ENIGMA\Desktop\IMG\robocam_2020_03_31_08_15_47_002.jpg;0;1;0;4.995548;115.2835;140.361;1.290169;287.5454;0.08957329
C:\Users\ENIGMA\Desktop\IMG\robocam_2020_03_31_08_15_47_071.jpg;0;1;0;5.019884;115.3752;140.0711;1.486185;287.5266;359.9936
C:\Users\ENIGMA\Desktop\IMG\robocam_2020_03_31_08_15_47_120.jpg;0;1;0;5.000606;115.4675;139.7836;1.534277;287.573;359.9914
C:\Users\ENIGMA\Desktop\IMG\robocam_2020_03_31_08_15_47_168.jpg;0;1;0;4.999085;115.5279;139.5938;1.402604;287.5321;-0.002854033
C:\Users\ENIGMA\Desktop\IMG\robocam_2020_03_31_08_15_47_237.jpg;0;1;0;4.987104;115.646;139.218;1.147633;287.4745;-0.001997884
C:\Users\ENIGMA\Desktop\IMG\robocam_2020_03_31_08_15_47_303.jpg;2.997108;1;0;5.012414;115.7359;138.9328;1.047633;287.6063;-0.001466521
C:\Users\ENIGMA\Desktop\IMG\robocam_2020_03_31_08_15_47_372.jpg;6.017634;1;0;5.01621;115.8283;138.6478;0.9842997;288.0432;0.03119311
C:\Users\ENIGMA\Desktop\IMG\robocam_2020_03_31_08_15_47_441.jpg;9.054824;1;0;4.993959;115.9585;138.2695;0.9339103;289.2167;0.1976863
C:\Users\ENIGMA\Desktop\IMG\robocam_2020_03_31_08_15_47_519.jpg;12.18699;1;0;5.013509;116.0986;137.8951;0.8835929;290.9526;0.502701
C:\Users\ENIGMA\Desktop\IMG\robocam_2020_03_31_08_15_47_587.jpg;8.634326;1;0;5.008977;116.2073;137.6181;0.7232007;292.407;0.6748852
C:\Users\ENIGMA\Desktop\IMG\robocam_2020_03_31_08_15_47_653.jpg;5.615551;1;0;5.019016;116.3197;137.3445;0.4501435;293.7209;0.7952524
C:\Users\ENIGMA\Desktop\IMG\robocam_2020_03_31_08_15_47_720.jpg;2.721776;1;0;5.011137;116.4785;136.9832;0.1153816;294.803;1.045203
C:\Users\ENIGMA\Desktop\IMG\robocam_2020_03_31_08_15_47_786.jpg;0;1;0;5.010969;116.6002;136.7123;359.9158;295.1417;1.15375
C:\Users\ENIGMA\Desktop\IMG\robocam_2020_03_31_08_15_47_852.jpg;0;1;0;5.015257;116.7235;136.4383;359.9096;295.1891;1.106131
C:\Users\ENIGMA\Desktop\IMG\robocam_2020_03_31_08_15_47_922.jpg;0;1;0;5.010164;116.892;136.0711;0.07986883;295.1976;0.9695262
C:\Users\ENIGMA\Desktop\IMG\robocam_2020_03_31_08_15_47_988.jpg;0;1;0;5.00581;117.0202;135.7961;0.2352683;295.1904;0.8742476
C:\Users\ENIGMA\Desktop\IMG\robocam_2020_03_31_08_15_48_052.jpg;0;1;0;5.011744;117.1483;135.5211;0.3887286;295.1742;0.7400445
C:\Users\ENIGMA\Desktop\IMG\robocam_2020_03_31_08_15_48_120.jpg;-1.51533;1;0;5.011573;117.3197;135.1535;0.6504019;295.0985;0.5480748
C:\Users\ENIGMA\Desktop\IMG\robocam_2020_03_31_08_15_48_186.jpg;-4.52016;1;0;5.014586;117.4465;134.8766;0.8735479;294.7934;0.3585875
C:\Users\ENIGMA\Desktop\IMG\robocam_2020_03_31_08_15_48_253.jpg;-7.50555;1;0;5.008198;117.5701;134.5976;1.122461;294.1154;0.1032268
C:\Users\ENIGMA\Desktop\IMG\robocam_2020_03_31_08_15_48_320.jpg;-4.52754;1;0;5.011278;117.7315;134.2257;1.378813;293.0858;359.827
C:\Users\ENIGMA\Desktop\IMG\robocam_2020_03_31_08_15_48_386.jpg;-1.481117;1;0;5.010212;117.8519;133.9499;1.394762;292.5103;359.7936
C:\Users\ENIGMA\Desktop\IMG\robocam_2020_03_31_08_15_48_456.jpg;0;1;0;5.009161;118.0095;133.5854;1.198176;292.2125;359.9007
C:\Users\ENIGMA\Desktop\IMG\robocam_2020_03_31_08_15_48_523.jpg;0;1;0;4.993831;118.1245;133.3096;1.108783;292.1181;359.9109
C:\Users\ENIGMA\Desktop\IMG\robocam_2020_03_31_08_15_48_600.jpg;0;1;0;5.014454;118.2773;132.9398;1.050576;292.1109;359.9068
C:\Users\ENIGMA\Desktop\IMG\robocam_2020_03_31_08_15_48_670.jpg;0;1;0;5.026949;118.3916;132.6623;1.035264;292.1634;359.9087
C:\Users\ENIGMA\Desktop\IMG\robocam_2020_03_31_08_15_48_736.jpg;0;1;0;5.014702;118.5447;132.291;1.067135;292.1953;359.9351
C:\Users\ENIGMA\Desktop\IMG\robocam_2020_03_31_08_15_48_802.jpg;0;1;0;5.000644;118.6597;132.0127;1.110126;292.2784;359.9688
C:\Users\ENIGMA\Desktop\IMG\robocam_2020_03_31_08_15_48_870.jpg;0;1;0;5.011553;118.7724;131.7338;1.115772;292.2927;359.8764
C:\Users\ENIGMA\Desktop\IMG\robocam_2020_03_31_08_15_48_938.jpg;0;1;0;4.972202;118.9265;131.3628;1.174049;292.3693;-0.00308285
C:\Users\ENIGMA\Desktop\IMG\robocam_2020_03_31_08_15_49_005.jpg;0;1;0;5.007427;119.0405;131.0836;1.237215;292.4526;-0.003617909
C:\Users\ENIGMA\Desktop\IMG\robocam_2020_03_31_08_15_49_069.jpg;1.514106;1;0;5.014393;119.1549;130.8042;1.292752;292.5192;-0.001626693
C:\Users\ENIGMA\Desktop\IMG\robocam_2020_03_31_08_15_49_136.jpg;4.392342;1;0;5.003965;119.3097;130.4328;1.376776;292.9001;0.009097237
C:\Users\ENIGMA\Desktop\IMG\robocam_2020_03_31_08_15_49_203.jpg;7.4074;1;0;5.015363;119.4296;130.1557;1.434292;293.5565;0.07326557
C:\Users\ENIGMA\Desktop\IMG\robocam_2020_03_31_08_15_49_269.jpg;10.36558;1;0;5.006427;119.5523;129.8815;1.388276;294.6573;0.1107327
C:\Users\ENIGMA\Desktop\IMG\robocam_2020_03_31_08_15_49_335.jpg;7.361059;1;0;5.006952;119.7233;129.5224;1.223696;296.0428;0.2626794
C:\Users\ENIGMA\Desktop\IMG\robocam_2020_03_31_08_15_49_405.jpg;4.373311;1;0;4.934198;119.8546;129.2575;1.006881;297.1048;0.395115
C:\Users\ENIGMA\Desktop\IMG\robocam_2020_03_31_08_15_49_471.jpg;1.281496;1;0;5.012095;119.9889;128.9919;0.8342755;297.7158;0.5093683
C:\Users\ENIGMA\Desktop\IMG\robocam_2020_03_31_08_15_49_538.jpg;0;1;0;5.011873;120.1707;128.6387;0.6185908;298.0172;0.6322713
C:\Users\ENIGMA\Desktop\IMG\robocam_2020_03_31_08_15_49_617.jpg;0;1;0;5.011622;120.3552;128.2857;0.472472;298.071;0.7332199
C:\Users\ENIGMA\Desktop\IMG\robocam_2020_03_31_08_15_49_687.jpg;0;1;0;5.011179;120.4945;128.0204;0.4066627;298.0647;0.7703142
C:\Users\ENIGMA\Desktop\IMG\robocam_2020_03_31_08_15_49_751.jpg;0;1;0;5.017883;120.6345;127.7547;0.3891844;298.0558;0.7807612
C:\Users\ENIGMA\Desktop\IMG\robocam_2020_03_31_08_15_49_819.jpg;0;1;0;5.006692;120.8221;127.3996;0.4273518;298.0468;0.7489715
C:\Users\ENIGMA\Desktop\IMG\robocam_2020_03_31_08_15_49_885.jpg;0;1;0;5.015137;120.9633;127.1325;0.500037;298.0377;0.6961315
C:\Users\ENIGMA\Desktop\IMG\robocam_2020_03_31_08_15_49_953.jpg;0;1;0;5.01477;121.1519;126.776;0.6392756;298.0161;0.589994
C:\Users\ENIGMA\Desktop\IMG\robocam_2020_03_31_08_15_50_025.jpg;0;1;0;5.00846;121.2934;126.5081;0.7707947;297.9932;0.4886742
C:\Users\ENIGMA\Desktop\IMG\robocam_2020_03_31_08_15_50_091.jpg;0;1;0;5.006095;121.4353;126.2395;0.9365974;297.9729;0.3816853
C:\Users\ENIGMA\Desktop\IMG\robocam_2020_03_31_08_15_50_152.jpg;0;1;0;5.027846;121.5767;125.9712;1.102633;297.9154;0.2603418
C:\Users\ENIGMA\Desktop\IMG\robocam_2020_03_31_08_15_50_219.jpg;0;1;0;5.015261;121.7651;125.6122;1.341378;297.8602;0.07738518
C:\Users\ENIGMA\Desktop\IMG\robocam_2020_03_31_08_15_50_285.jpg;0;1;0;5.00018;121.9066;125.3439;1.507012;297.8155;-0.004787937
C:\Users\ENIGMA\Desktop\IMG\robocam_2020_03_31_08_15_50_352.jpg;0;1;0;5.009337;122.0476;125.0788;1.47581;297.7856;359.9942
C:\Users\ENIGMA\Desktop\IMG\robocam_2020_03_31_08_15_50_418.jpg;0;1;0;4.927788;122.2324;124.7275;1.306624;297.735;-0.002280062
C:\Users\ENIGMA\Desktop\IMG\robocam_2020_03_31_08_15_50_486.jpg;0;1;0;5.01159;122.3713;124.462;1.235263;297.7121;-0.001888906
C:\Users\ENIGMA\Desktop\IMG\robocam_2020_03_31_08_15_50_554.jpg;0;1;0;5.01238;122.5564;124.107;1.189829;297.6852;-0.001540967
C:\Users\ENIGMA\Desktop\IMG\robocam_2020_03_31_08_15_50_621.jpg;2.982074;1;0;5.009789;122.696;123.8407;1.185746;297.79;-0.0009294249
C:\Users\ENIGMA\Desktop\IMG\robocam_2020_03_31_08_15_50_666.jpg;4.502835;1;0;5.007605;122.7902;123.6636;1.193074;297.9952;0.01211079
C:\Users\ENIGMA\Desktop\IMG\robocam_2020_03_31_08_15_50_735.jpg;4.99064;1;0;4.985161;122.9825;123.3113;1.215807;298.7142;0.1015408
C:\Users\ENIGMA\Desktop\IMG\robocam_2020_03_31_08_15_50_802.jpg;1.907492;1;0;5.003593;123.1277;123.0477;1.243161;299.1423;0.1734409
C:\Users\ENIGMA\Desktop\IMG\robocam_2020_03_31_08_15_50_868.jpg;0;1;0;5.018074;123.2726;122.7838;1.252603;299.3703;0.1898247
C:\Users\ENIGMA\Desktop\IMG\robocam_2020_03_31_08_15_50_934.jpg;0;1;0;5.000328;123.4664;122.4332;1.238965;299.4243;0.179985
C:\Users\ENIGMA\Desktop\IMG\robocam_2020_03_31_08_15_51_003.jpg;0;1;0;5.01239;123.6127;122.17;1.252991;299.4023;0.1706899
C:\Users\ENIGMA\Desktop\IMG\robocam_2020_03_31_08_15_51_069.jpg;-1.451277;1;0;5.002242;123.7591;121.9062;1.291852;299.3533;0.1455935
C:\Users\ENIGMA\Desktop\IMG\robocam_2020_03_31_08_15_51_135.jpg;-4.524197;1;0;5.01376;123.951;121.5531;1.356616;298.8559;0.02835774
C:\Users\ENIGMA\Desktop\IMG\robocam_2020_03_31_08_15_51_201.jpg;-7.380594;1;0;5.017606;124.0936;121.2866;1.425362;298.1647;-0.00425092
C:\Users\ENIGMA\Desktop\IMG\robocam_2020_03_31_08_15_51_268.jpg;-4.201214;1;0;5.014917;124.2337;121.0196;1.478347;297.3978;359.961
C:\Users\ENIGMA\Desktop\IMG\robocam_2020_03_31_08_15_51_334.jpg;-1.376915;1;0;5.024529;124.4191;120.6642;1.448373;296.731;-0.005076746
C:\Users\ENIGMA\Desktop\IMG\robocam_2020_03_31_08_15_51_400.jpg;0;1;0;4.992532;124.5557;120.3973;1.405195;296.5024;359.9927
C:\Users\ENIGMA\Desktop\IMG\robocam_2020_03_31_08_15_51_467.jpg;-2.988837;1;0;5.016473;124.6908;120.129;1.384943;296.3421;359.9696
C:\Users\ENIGMA\Desktop\IMG\robocam_2020_03_31_08_15_51_537.jpg;-6.016055;1;0;4.997308;124.8667;119.7687;1.370939;295.7051;359.8648
C:\Users\ENIGMA\Desktop\IMG\robocam_2020_03_31_08_15_51_605.jpg;-9.096224;1;0;5.006718;124.9944;119.4984;1.264006;294.7379;359.8115
C:\Users\ENIGMA\Desktop\IMG\robocam_2020_03_31_08_15_51_667.jpg;-12.04564;1;0;5.012863;125.1153;119.2266;1.094638;293.568;359.6852
C:\Users\ENIGMA\Desktop\IMG\robocam_2020_03_31_08_15_51_735.jpg;-15;1;0;4.976305;125.2633;118.862;0.7505544;291.4275;359.3958
C:\Users\ENIGMA\Desktop\IMG\robocam_2020_03_31_08_15_51_810.jpg;-15;1;0;5.022153;125.3651;118.5853;0.4321412;289.3492;359.1266
C:\Users\ENIGMA\Desktop\IMG\robocam_2020_03_31_08_15_51_867.jpg;-15;1;0;5.011085;125.4578;118.3076;0.02885598;287.2151;358.8182
C:\Users\ENIGMA\Desktop\IMG\robocam_2020_03_31_08_15_51_934.jpg;-15;1;0;5.002084;125.5731;117.9295;359.8068;284.6992;358.5782
C:\Users\ENIGMA\Desktop\IMG\robocam_2020_03_31_08_15_52_003.jpg;-15;1;0;5.000912;125.654;117.6391;359.9294;282.9689;358.6396
C:\Users\ENIGMA\Desktop\IMG\robocam_2020_03_31_08_15_52_071.jpg;-15;1;0;5.03266;125.7247;117.3454;0.05010603;280.9531;358.7463
C:\Users\ENIGMA\Desktop\IMG\robocam_2020_03_31_08_15_52_136.jpg;-15;1;0;5.011365;125.7988;116.9536;359.9868;278.0769;358.8528
C:\Users\ENIGMA\Desktop\IMG\robocam_2020_03_31_08_15_52_200.jpg;-12.15872;1;0;5.006621;125.8389;116.6563;0.005351233;276.1517;358.7746
C:\Users\ENIGMA\Desktop\IMG\robocam_2020_03_31_08_15_52_268.jpg;-9.092769;1;0;5.003102;125.8741;116.3582;0.01145399;274.6002;358.8692
C:\Users\ENIGMA\Desktop\IMG\robocam_2020_03_31_08_15_52_334.jpg;-6.076266;1;0;5.011263;125.9057;115.9591;0.01037202;272.907;358.889
C:\Users\ENIGMA\Desktop\IMG\robocam_2020_03_31_08_15_52_401.jpg;-3.11033;1;0;5.010755;125.9226;115.6593;0.007103287;272.0865;358.9025
C:\Users\ENIGMA\Desktop\IMG\robocam_2020_03_31_08_15_52_466.jpg;-0.1349162;1;0;5.011573;125.9357;115.3588;0.01627489;271.6277;358.9382
C:\Users\ENIGMA\Desktop\IMG\robocam_2020_03_31_08_15_52_535.jpg;-3.256382;1;0;5.011963;125.9481;114.9576;0.05259283;271.1933;358.9793
C:\Users\ENIGMA\Desktop\IMG\robocam_2020_03_31_08_15_52_604.jpg;-6.274293;1;0;5.011347;125.9526;114.6564;0.0970074;270.6295;358.9726
C:\Users\ENIGMA\Desktop\IMG\robocam_2020_03_31_08_15_52_668.jpg;-9.251471;1;0;5.011204;125.9526;114.3555;0.1232783;269.7403;358.9474
C:\Users\ENIGMA\Desktop\IMG\robocam_2020_03_31_08_15_52_734.jpg;-12.1514;1;0;5.020576;125.9427;113.956;0.09219234;267.9087;358.8639
C:\Users\ENIGMA\Desktop\IMG\robocam_2020_03_31_08_15_52_801.jpg;-15;1;0;5.007564;125.9274;113.6585;359.9735;266.1657;358.8361
C:\Users\ENIGMA\Desktop\IMG\robocam_2020_03_31_08_15_52_867.jpg;-15;1;0;5.013278;125.9027;113.3589;0.01714872;264.3323;358.7616
C:\Users\ENIGMA\Desktop\IMG\robocam_2020_03_31_08_15_52_933.jpg;-15;1;0;5.004724;125.8588;112.9622;-0.003475006;261.8803;358.7853
C:\Users\ENIGMA\Desktop\IMG\robocam_2020_03_31_08_15_53_000.jpg;-15;1;0;5.003393;125.8158;112.6646;0.02953703;259.9176;358.8834
C:\Users\ENIGMA\Desktop\IMG\robocam_2020_03_31_08_15_53_070.jpg;-15;1;0;5.008725;125.7594;112.3707;-0.0001638845;257.8528;358.8247
C:\Users\ENIGMA\Desktop\IMG\robocam_2020_03_31_08_15_53_136.jpg;-15;1;0;5.004622;125.6714;111.9808;0.0064757;255.1945;358.8307
C:\Users\ENIGMA\Desktop\IMG\robocam_2020_03_31_08_15_53_201.jpg;-15;1;0;5.012571;125.5933;111.6914;0.002129738;253.124;358.8274
C:\Users\ENIGMA\Desktop\IMG\robocam_2020_03_31_08_15_53_268.jpg;-15;1;0;5.006061;125.5052;111.4051;359.9888;251.1274;358.8166
C:\Users\ENIGMA\Desktop\IMG\robocam_2020_03_31_08_15_53_334.jpg;-11.98311;1;0;5.006576;125.3726;111.0277;0.004137894;248.6732;358.7967
C:\Users\ENIGMA\Desktop\IMG\robocam_2020_03_31_08_15_53_413.jpg;-9.050788;1;0;5.00441;125.2654;110.7473;0.004018819;247.1579;358.8768
C:\Users\ENIGMA\Desktop\IMG\robocam_2020_03_31_08_15_53_467.jpg;-12.04592;1;0;5.010242;125.1476;110.4713;0.008083849;245.6433;358.8539
C:\Users\ENIGMA\Desktop\IMG\robocam_2020_03_31_08_15_53_536.jpg;-15;1;0;5.009353;124.9783;110.1094;359.9909;243.3854;358.8199
C:\Users\ENIGMA\Desktop\IMG\robocam_2020_03_31_08_15_53_602.jpg;-15;1;0;5.010211;124.841;109.8421;0.02600272;241.4855;358.7969
C:\Users\ENIGMA\Desktop\IMG\robocam_2020_03_31_08_15_53_670.jpg;-15;1;0;5.003991;124.6974;109.5795;0.005523195;239.5977;358.8392
C:\Users\ENIGMA\Desktop\IMG\robocam_2020_03_31_08_15_53_735.jpg;-15;1;0;5.008665;124.49;109.2375;0.01396686;236.8679;358.8257
C:\Users\ENIGMA\Desktop\IMG\robocam_2020_03_31_08_15_53_800.jpg;-15;1;0;5.006923;124.3248;108.9875;0.005363913;234.8529;358.8116
C:\Users\ENIGMA\Desktop\IMG\robocam_2020_03_31_08_15_53_866.jpg;-13.46123;1;0;5.015152;124.1507;108.7436;0.004223165;232.8536;358.7749
C:\Users\ENIGMA\Desktop\IMG\robocam_2020_03_31_08_15_53_909.jpg;-12.01089;1;0;5.004575;124.0323;108.5829;-0.004106998;231.7171;358.8422
C:\Users\ENIGMA\Desktop\IMG\robocam_2020_03_31_08_15_53_966.jpg;-9.00609;1;0;5.010742;123.8463;108.3465;0.02093477;230.0942;358.8843
C:\Users\ENIGMA\Desktop\IMG\robocam_2020_03_31_08_15_54_033.jpg;-5.987238;1;0;5.010723;123.5887;108.0404;0.007149954;228.4858;358.8637
C:\Users\ENIGMA\Desktop\IMG\robocam_2020_03_31_08_15_54_100.jpg;-3.020716;1;0;5.009867;123.3912;107.8141;0.006125719;227.6919;358.9052
C:\Users\ENIGMA\Desktop\IMG\robocam_2020_03_31_08_15_54_170.jpg;-0.03029924;1;0;5.012068;123.1905;107.5899;0.0249672;227.2787;358.9633
C:\Users\ENIGMA\Desktop\IMG\robocam_2020_03_31_08_15_54_239.jpg;0;1;0;5.012045;122.9195;107.293;0.08958279;227.095;359.0304
C:\Users\ENIGMA\Desktop\IMG\robocam_2020_03_31_08_15_54_300.jpg;0;1;0;5.011095;122.7147;107.0707;0.1751708;227.0599;359.0945
C:\Users\ENIGMA\Desktop\IMG\robocam_2020_03_31_08_15_54_367.jpg;0;1;0;5.004569;122.5086;106.8482;0.3202539;227.0396;359.162
C:\Users\ENIGMA\Desktop\IMG\robocam_2020_03_31_08_15_54_415.jpg;0;1;0;5.017257;122.3712;106.6998;0.4199955;227.0388;359.2296
C:\Users\ENIGMA\Desktop\IMG\robocam_2020_03_31_08_15_54_467.jpg;-2.988972;1;0;5.006275;122.1643;106.4782;0.5705988;226.8746;359.3315
C:\Users\ENIGMA\Desktop\IMG\robocam_2020_03_31_08_15_54_532.jpg;-5.998568;1;0;5.006931;121.9552;106.2583;0.7269188;226.399;359.4084
C:\Users\ENIGMA\Desktop\IMG\robocam_2020_03_31_08_15_54_600.jpg;-8.982369;1;0;5.01599;121.6729;105.9704;0.8627251;225.2007;359.4776
C:\Users\ENIGMA\Desktop\IMG\robocam_2020_03_31_08_15_54_667.jpg;-12.09698;1;0;5.014277;121.4578;105.7607;0.8587011;223.8359;359.4933
C:\Users\ENIGMA\Desktop\IMG\robocam_2020_03_31_08_15_54_733.jpg;-9.18626;1;0;5.015984;121.2393;105.5569;0.7863622;222.4059;359.4432
C:\Users\ENIGMA\Desktop\IMG\robocam_2020_03_31_08_15_54_800.jpg;-6.210221;1;0;4.989105;120.9425;105.2917;0.635369;220.7087;359.3416
C:\Users\ENIGMA\Desktop\IMG\robocam_2020_03_31_08_15_54_867.jpg;-3.208145;1;0;5.012066;120.7168;105.0973;0.4857006;219.8755;359.2345
C:\Users\ENIGMA\Desktop\IMG\robocam_2020_03_31_08_15_54_932.jpg;-0.2002013;1;0;5.011654;120.4891;104.9049;0.3392966;219.4059;359.1378
C:\Users\ENIGMA\Desktop\IMG\robocam_2020_03_31_08_15_55_000.jpg;-3.18434;1;0;5.011563;120.1826;104.6512;0.1710748;218.9792;359.0258
C:\Users\ENIGMA\Desktop\IMG\robocam_2020_03_31_08_15_55_066.jpg;-6.173843;1;0;5.011278;119.9498;104.4641;0.06551874;218.441;358.9333
C:\Users\ENIGMA\Desktop\IMG\robocam_2020_03_31_08_15_55_134.jpg;-6.178483;1;0;5.011035;119.6353;104.2187;359.9788;217.4005;358.852
C:\Users\ENIGMA\Desktop\IMG\robocam_2020_03_31_08_15_55_199.jpg;-3.18547;1;0;5.013314;119.3961;104.0356;0.02170138;216.7525;358.8737
C:\Users\ENIGMA\Desktop\IMG\robocam_2020_03_31_08_15_55_265.jpg;-0.1627164;1;0;5.009877;119.1563;103.8541;0.03099431;216.3789;358.9534
C:\Users\ENIGMA\Desktop\IMG\robocam_2020_03_31_08_15_55_333.jpg;0;1;0;5.012105;118.9148;103.674;0.0642063;216.2276;359.037
C:\Users\ENIGMA\Desktop\IMG\robocam_2020_03_31_08_15_55_400.jpg;0;1;0;5.017745;118.5899;103.4347;0.2060605;216.1674;359.1258
C:\Users\ENIGMA\Desktop\IMG\robocam_2020_03_31_08_15_55_466.jpg;0;1;0;5.006629;118.3455;103.2552;0.3585089;216.1619;359.2074
C:\Users\ENIGMA\Desktop\IMG\robocam_2020_03_31_08_15_55_532.jpg;0;1;0;5.007049;118.1005;103.0753;0.5386037;216.1647;359.3134
C:\Users\ENIGMA\Desktop\IMG\robocam_2020_03_31_08_15_55_604.jpg;0;1;0;5.016335;117.7742;102.8353;0.7770892;216.1814;359.5047
C:\Users\ENIGMA\Desktop\IMG\robocam_2020_03_31_08_15_55_670.jpg;1.559651;1;0;5.014153;117.5294;102.655;0.9652128;216.228;359.663
C:\Users\ENIGMA\Desktop\IMG\robocam_2020_03_31_08_15_55_735.jpg;4.490456;1;0;5.006643;117.2047;102.4116;1.248534;216.7065;359.932
C:\Users\ENIGMA\Desktop\IMG\robocam_2020_03_31_08_15_55_800.jpg;7.302942;1;0;5.025127;116.9629;102.2276;1.43057;217.4081;0.07391711
C:\Users\ENIGMA\Desktop\IMG\robocam_2020_03_31_08_15_55_865.jpg;10.32095;1;0;5.011461;116.7251;102.0431;1.441361;218.5109;0.1251226
C:\Users\ENIGMA\Desktop\IMG\robocam_2020_03_31_08_15_55_932.jpg;10.28787;1;0;5.018344;116.4935;101.855;1.285253;220.2317;0.1644359
C:\Users\ENIGMA\Desktop\IMG\robocam_2020_03_31_08_15_55_973.jpg;8.793265;1;0;5.030788;116.3434;101.7264;1.161159;220.8541;0.2920672
C:\Users\ENIGMA\Desktop\IMG\robocam_2020_03_31_08_15_56_033.jpg;5.818;1;0;5.017166;116.1196;101.5313;0.9421045;222.0396;0.4425653
C:\Users\ENIGMA\Desktop\IMG\robocam_2020_03_31_08_15_56_099.jpg;2.80273;1;0;5.011799;115.8258;101.2667;0.6346863;223.0903;0.6628845
C:\Users\ENIGMA\Desktop\IMG\robocam_2020_03_31_08_15_56_169.jpg;0;1;0;5.012275;115.6074;101.0659;0.4113025;223.458;0.807335
C:\Users\ENIGMA\Desktop\IMG\robocam_2020_03_31_08_15_56_237.jpg;0;1;0;5.011591;115.3172;100.7957;0.1609771;223.6006;0.9495123
C:\Users\ENIGMA\Desktop\IMG\robocam_2020_03_31_08_15_56_298.jpg;0;1;0;5.011462;115.0997;100.5911;0.0408801;223.6203;1.029791
C:\Users\ENIGMA\Desktop\IMG\robocam_2020_03_31_08_15_56_366.jpg;0;1;0;5.01103;114.8816;100.3857;359.981;223.6061;1.053017
C:\Users\ENIGMA\Desktop\IMG\robocam_2020_03_31_08_15_56_432.jpg;0;1;0;5.012368;114.6624;100.1789;0.01802284;223.5914;1.031951
C:\Users\ENIGMA\Desktop\IMG\robocam_2020_03_31_08_15_56_498.jpg;0;1;0;5.011055;114.3695;99.90208;0.1257793;223.5745;0.9449626
C:\Users\ENIGMA\Desktop\IMG\robocam_2020_03_31_08_15_56_566.jpg;0;1;0;5.004254;114.1496;99.69388;0.2555205;223.5663;0.854147
C:\Users\ENIGMA\Desktop\IMG\robocam_2020_03_31_08_15_56_632.jpg;0;1;0;5.011584;113.9294;99.48555;0.3944928;223.5508;0.727791
C:\Users\ENIGMA\Desktop\IMG\robocam_2020_03_31_08_15_56_700.jpg;0;1;0;5.011569;113.6353;99.20712;0.6286247;223.5252;0.5445297
C:\Users\ENIGMA\Desktop\IMG\robocam_2020_03_31_08_15_56_766.jpg;0;1;0;5.007854;113.414;98.99765;0.8519856;223.5095;0.4070081
C:\Users\ENIGMA\Desktop\IMG\robocam_2020_03_31_08_15_56_835.jpg;0;1;0;5.014306;113.1186;98.71873;1.152848;223.4706;0.2037739
C:\Users\ENIGMA\Desktop\IMG\robocam_2020_03_31_08_15_56_898.jpg;0;1;0;5.017982;112.8969;98.50986;1.381662;223.4254;0.04429636
C:\Users\ENIGMA\Desktop\IMG\robocam_2020_03_31_08_15_56_966.jpg;0;1;0;5.024558;112.6767;98.30042;1.560735;223.4283;359.9923
C:\Users\ENIGMA\Desktop\IMG\robocam_2020_03_31_08_15_57_031.jpg;0;1;0;5.008912;112.4593;98.09338;1.466264;223.3392;-0.001612453
C:\Users\ENIGMA\Desktop\IMG\robocam_2020_03_31_08_15_57_075.jpg;0;1;0;5.06499;112.2442;97.89048;1.317316;223.3501;-0.002128113
C:\Users\ENIGMA\Desktop\IMG\robocam_2020_03_31_08_15_57_132.jpg;0;1;0;5.011727;112.0987;97.75366;1.266149;223.3252;-0.001973713
C:\Users\ENIGMA\Desktop\IMG\robocam_2020_03_31_08_15_57_198.jpg;0;1;0;5.013251;111.8069;97.47988;1.20739;223.2868;-0.001527367
C:\Users\ENIGMA\Desktop\IMG\robocam_2020_03_31_08_15_57_264.jpg;0;1;0;5.006923;111.5876;97.27457;1.192212;223.2742;-0.00160296
C:\Users\ENIGMA\Desktop\IMG\robocam_2020_03_31_08_15_57_331.jpg;0;1;0;4.986131;111.3679;97.06917;1.198779;223.2735;-0.001522371
C:\Users\ENIGMA\Desktop\IMG\robocam_2020_03_31_08_15_57_399.jpg;0;1;0;5.008141;111.0743;96.79485;1.242436;223.2385;-0.001355044
C:\Users\ENIGMA\Desktop\IMG\robocam_2020_03_31_08_15_57_440.jpg;0;1;0;5.004141;110.9274;96.6577;1.272252;223.2239;-0.001518811
C:\Users\ENIGMA\Desktop\IMG\robocam_2020_03_31_08_15_57_496.jpg;0;1;0;4.995598;110.7066;96.4518;1.326988;223.195;-0.001352954
C:\Users\ENIGMA\Desktop\IMG\robocam_2020_03_31_08_15_57_565.jpg;0;1;0;5.017279;110.4855;96.24577;1.393879;223.1655;-0.001543973
C:\Users\ENIGMA\Desktop\IMG\robocam_2020_03_31_08_15_57_631.jpg;0;1;0;5.016179;110.2646;96.0402;1.45468;223.132;-0.001531523
C:\Users\ENIGMA\Desktop\IMG\robocam_2020_03_31_08_15_57_704.jpg;0;1;0;5.016543;109.9702;95.76678;1.491802;223.0794;-0.004032138
C:\Users\ENIGMA\Desktop\IMG\robocam_2020_03_31_08_15_57_765.jpg;0;1;0;5.03554;109.7507;95.56313;1.433872;223.0374;-0.001469271
C:\Users\ENIGMA\Desktop\IMG\robocam_2020_03_31_08_15_57_830.jpg;0;1;0;5.010429;109.5303;95.35899;1.405937;223.0047;-0.00146541
C:\Users\ENIGMA\Desktop\IMG\robocam_2020_03_31_08_15_57_897.jpg;0;1;0;5.017097;109.2357;95.08662;1.399367;222.9724;-0.001983908
C:\Users\ENIGMA\Desktop\IMG\robocam_2020_03_31_08_15_57_964.jpg;0;1;0;4.992665;109.0148;94.88265;1.40331;222.8991;-0.001551986
C:\Users\ENIGMA\Desktop\IMG\robocam_2020_03_31_08_15_58_031.jpg;0;1;0;5.016099;108.7934;94.67851;1.42467;222.8598;-0.001255542
C:\Users\ENIGMA\Desktop\IMG\robocam_2020_03_31_08_15_58_097.jpg;0;1;0;4.999182;108.4979;94.40656;1.463341;222.7793;0.0001825003
C:\Users\ENIGMA\Desktop\IMG\robocam_2020_03_31_08_15_58_164.jpg;0;1;0;5.011092;108.2757;94.20255;1.504612;222.7419;-0.001496648
C:\Users\ENIGMA\Desktop\IMG\robocam_2020_03_31_08_15_58_231.jpg;0;1;0;5.006736;108.0542;93.9994;1.467512;222.7063;-0.001843955
C:\Users\ENIGMA\Desktop\IMG\robocam_2020_03_31_08_15_58_297.jpg;0;1;0;5.010496;107.7598;93.73;1.378911;222.6699;-0.001322932
C:\Users\ENIGMA\Desktop\IMG\robocam_2020_03_31_08_15_58_364.jpg;0;1;0;5.014255;107.538;93.52728;1.35164;222.6383;-0.001425185
C:\Users\ENIGMA\Desktop\IMG\robocam_2020_03_31_08_15_58_431.jpg;0;1;0;5.023086;107.3162;93.32471;1.338169;222.5937;-0.0008962799
C:\Users\ENIGMA\Desktop\IMG\robocam_2020_03_31_08_15_58_496.jpg;0;1;0;5.014176;107.0195;93.05408;1.356079;222.5522;-0.001458921
C:\Users\ENIGMA\Desktop\IMG\robocam_2020_03_31_08_15_58_564.jpg;0;1;0;5.005393;106.7969;92.85135;1.379698;222.5106;-0.001083539
C:\Users\ENIGMA\Desktop\IMG\robocam_2020_03_31_08_15_58_631.jpg;0;1;0;5.014285;106.5738;92.6484;1.417067;222.4769;-0.001386952
C:\Users\ENIGMA\Desktop\IMG\robocam_2020_03_31_08_15_58_697.jpg;0;1;0;5.005358;106.2761;92.37808;1.475639;222.4271;-0.001179986
C:\Users\ENIGMA\Desktop\IMG\robocam_2020_03_31_08_15_58_764.jpg;0;1;0;5.029843;106.0527;92.17559;1.522316;222.3781;-0.001547317
C:\Users\ENIGMA\Desktop\IMG\robocam_2020_03_31_08_15_58_829.jpg;1.500395;1;0;5.033551;105.831;91.97477;1.439142;222.3575;-0.001290459
C:\Users\ENIGMA\Desktop\IMG\robocam_2020_03_31_08_15_58_896.jpg;4.489083;1;0;5.013553;105.5358;91.70456;1.385372;222.7017;0.00603234
C:\Users\ENIGMA\Desktop\IMG\robocam_2020_03_31_08_15_58_965.jpg;7.482051;0.8984983;0;5.007175;105.3173;91.49899;1.352582;223.3679;0.07398093
C:\Users\ENIGMA\Desktop\IMG\robocam_2020_03_31_08_15_59_034.jpg;10.59127;0.6912169;0;5.010011;105.0319;91.22074;1.226001;224.8409;0.2312579
C:\Users\ENIGMA\Desktop\IMG\robocam_2020_03_31_08_15_59_096.jpg;13.53552;0.4949338;0;5.00886;104.826;91.00842;0.9849958;226.4661;0.4059771
C:\Users\ENIGMA\Desktop\IMG\robocam_2020_03_31_08_15_59_164.jpg;15;0.2978905;0;4.995115;104.6284;90.79121;0.6556742;228.3291;0.6908675
C:\Users\ENIGMA\Desktop\IMG\robocam_2020_03_31_08_15_59_230.jpg;15;0.09741135;0;4.985683;104.4395;90.5705;0.1952756;230.3439;1.039517
C:\Users\ENIGMA\Desktop\IMG\robocam_2020_03_31_08_15_59_297.jpg;15;0;0;4.966875;104.1962;90.26895;359.706;232.9201;1.438961
C:\Users\ENIGMA\Desktop\IMG\robocam_2020_03_31_08_15_59_364.jpg;15;0;0;4.947557;104.017;90.03699;359.5752;234.8627;1.536038
C:\Users\ENIGMA\Desktop\IMG\robocam_2020_03_31_08_15_59_430.jpg;15;0.0989967;0;4.915237;103.8428;89.79842;359.6574;236.8609;1.454449
C:\Users\ENIGMA\Desktop\IMG\robocam_2020_03_31_08_15_59_500.jpg;15;0.2990709;0;4.893041;103.6236;89.46922;359.976;239.5357;1.249307
C:\Users\ENIGMA\Desktop\IMG\robocam_2020_03_31_08_15_59_564.jpg;15;0.5140668;0;4.846601;103.4754;89.21683;0.1013012;241.4399;1.16573
C:\Users\ENIGMA\Desktop\IMG\robocam_2020_03_31_08_15_59_630.jpg;15;0.6998826;0;4.848665;103.3399;88.96217;0.002542831;243.6106;1.148736
C:\Users\ENIGMA\Desktop\IMG\robocam_2020_03_31_08_15_59_697.jpg;15;0.901311;0;4.861208;103.1745;88.61098;0.004801356;246.3549;1.279096
C:\Users\ENIGMA\Desktop\IMG\robocam_2020_03_31_08_15_59_762.jpg;15;1;0;4.881976;103.0592;88.34219;0.01246405;248.3247;1.328312
C:\Users\ENIGMA\Desktop\IMG\robocam_2020_03_31_08_15_59_830.jpg;15;1;0;4.894546;102.9489;88.07099;-0.0002525302;250.1348;1.194354
C:\Users\ENIGMA\Desktop\IMG\robocam_2020_03_31_08_15_59_898.jpg;15;1;0;4.934693;102.8203;87.69831;0.01746758;252.978;1.148596
C:\Users\ENIGMA\Desktop\IMG\robocam_2020_03_31_08_15_59_965.jpg;15;1;0;4.960012;102.7362;87.41363;-0.005147094;255.0373;1.193979
C:\Users\ENIGMA\Desktop\IMG\robocam_2020_03_31_08_16_00_031.jpg;15;1;0;4.989205;102.6596;87.12483;0.00197778;257.0564;1.163779
C:\Users\ENIGMA\Desktop\IMG\robocam_2020_03_31_08_16_00_096.jpg;15;1;0;5.007656;102.5745;86.73415;0.01219116;259.7524;1.185518
C:\Users\ENIGMA\Desktop\IMG\robocam_2020_03_31_08_16_00_163.jpg;15;1;0;5.006023;102.5219;86.4392;0.002194412;261.7267;1.173489
C:\Users\ENIGMA\Desktop\IMG\robocam_2020_03_31_08_16_00_229.jpg;15;1;0;5.012956;102.4811;86.14222;0.005564023;263.7197;1.224244
C:\Users\ENIGMA\Desktop\IMG\robocam_2020_03_31_08_16_00_296.jpg;15;1;0;5.002258;102.4388;85.74449;0.0179394;266.2864;1.143518
C:\Users\ENIGMA\Desktop\IMG\robocam_2020_03_31_08_16_00_362.jpg;15;1;0;5.009182;102.4221;85.44536;0.007950695;268.3488;1.185392
C:\Users\ENIGMA\Desktop\IMG\robocam_2020_03_31_08_16_00_432.jpg;13.37366;1;0;5.007802;102.4139;85.14583;0.005736172;270.3052;1.170732
C:\Users\ENIGMA\Desktop\IMG\robocam_2020_03_31_08_16_00_500.jpg;10.33314;1;0;5.010475;102.4182;84.7457;0.01147394;272.6659;1.151593
C:\Users\ENIGMA\Desktop\IMG\robocam_2020_03_31_08_16_00_562.jpg;7.484419;1;0;5.008422;102.4313;84.44592;0.008853116;274.043;1.146291
C:\Users\ENIGMA\Desktop\IMG\robocam_2020_03_31_08_16_00_629.jpg;4.502985;1;0;5.0115;102.4509;84.1465;-0.004441137;275.0895;1.120736
C:\Users\ENIGMA\Desktop\IMG\robocam_2020_03_31_08_16_00_696.jpg;1.506102;1;0;5.011178;102.4844;83.74679;0.02137865;275.9132;1.056128
C:\Users\ENIGMA\Desktop\IMG\robocam_2020_03_31_08_16_00_763.jpg;0;1;0;5.012031;102.5133;83.44704;0.050205;276.1617;1.008711
C:\Users\ENIGMA\Desktop\IMG\robocam_2020_03_31_08_16_00_828.jpg;0;1;0;5.012063;102.544;83.14692;0.1079907;276.255;0.9581893
C:\Users\ENIGMA\Desktop\IMG\robocam_2020_03_31_08_16_00_898.jpg;0;1;0;5.011645;102.5866;82.74579;0.248725;276.2925;0.8723633
C:\Users\ENIGMA\Desktop\IMG\robocam_2020_03_31_08_16_00_963.jpg;0;1;0;5.017267;102.619;82.44415;0.3953888;276.3009;0.7828244
C:\Users\ENIGMA\Desktop\IMG\robocam_2020_03_31_08_16_01_029.jpg;0;1;0;5.017028;102.6513;82.1427;0.5432312;276.2905;0.65784
C:\Users\ENIGMA\Desktop\IMG\robocam_2020_03_31_08_16_01_095.jpg;0;1;0;5.007265;102.6948;81.73998;0.7774518;276.2746;0.4758613
